Date,Sales,Stocks,Price
2022-01-01,514.901424590337,752.3415504597156,19.930772008008116
2022-01-02,536.939329126346,682.6116965560755,19.421178042692077
2022-01-03,572.1679097593797,734.3286829060338,19.96210566628038
2022-01-04,573.3700946379338,628.185772469141,19.674573189542176
2022-01-05,479.2588481726403,811.8283577799621,19.842676897719954
2022-01-06,454.19771766866097,796.5310152863217,20.46018533490372
2022-01-07,520.2410706215431,752.6809514049221,21.033621582970763
2022-01-08,536.9642853219985,780.6524065362764,20.428557570545788
2022-01-09,540.930007136652,812.8087186548029,19.66557586012594
2022-01-10,582.9232147855673,759.2568958581229,20.51782154077141
2022-01-11,527.6644548146174,644.1240610261091,20.925510440118977
2022-01-12,486.1744240688012,692.9339396288143,20.053614218768928
2022-01-13,482.31510359471065,727.6015193178607,20.322409758972192
2022-01-14,429.2686993297365,786.6702028456734,20.427242464068403
2022-01-15,475.960619540156,787.9026412533781,20.05746272401488
2022-01-16,551.8735040952395,687.776057294707,20.803565755526133
2022-01-17,549.9468525124141,734.3649119676469,20.44793247662741
2022-01-18,564.6337734042386,679.9139666802146,20.74658894134748
2022-01-19,486.495484849053,726.1763674258762,20.120896384493985
2022-01-20,446.2240795475214,706.5549053838282,20.373105754797045
2022-01-21,544.1171473535878,681.7797640176609,20.979560481983626
2022-01-22,534.355640075469,665.2379496814489,20.45780111119181
2022-01-23,584.1255398480308,659.143567427118,21.53283176586717
2022-01-24,550.8803043644692,777.2419376481573,20.49392024727182
2022-01-25,552.0958662806374,676.4821224180841,20.829698453775464
2022-01-26,530.2115615590641,866.5133224623374,21.206472269132583
2022-01-27,467.1344153081936,791.0986873899476,20.052992406447324
2022-01-28,524.409708008417,747.0369521805352,19.902922503637097
2022-01-29,536.0176222226248,689.0732998796269,20.040780106409365
2022-01-30,586.1702498935825,741.9303690236584,21.454288854076843
2022-01-31,588.3032049331042,677.0665062215593,20.565541911861672
2022-02-01,636.6344279737501,687.7832767453931,22.13810992889365
2022-02-02,539.0216065584294,858.493423634225,20.593471420481333
2022-02-03,482.3762916184487,754.0088592045431,20.98348301165996
2022-02-04,550.1561509213396,782.385590853614,21.67688433788132
2022-02-05,529.6470609173609,700.0176482850252,21.92249142333332
2022-02-06,613.3140525288007,691.5935492107515,21.962790874285425
2022-02-07,559.5798522211473,808.7501056712018,21.547780804878105
2022-02-08,553.1215325553072,692.0908808329581,21.46613921129861
2022-02-09,557.1159134416488,812.064471179022,21.259821660017785
2022-02-10,547.9247687796517,761.425212382948,21.36111843944663
2022-02-11,542.1607157381551,700.7963033362091,20.70364492813356
2022-02-12,574.2166470974365,744.5120634040577,20.576350288277307
2022-02-13,609.2998073063698,743.9778188281516,20.98887960220915
2022-02-14,585.1673432102842,738.5068265057176,20.909491092672592
2022-02-15,582.3903724215471,630.2935777947037,20.770880961940417
2022-02-16,548.2723395783481,689.5069714195824,21.347492067857655
2022-02-17,568.2260508644064,703.5110427902216,21.477644077250982
2022-02-18,557.9274011398862,717.3146279750546,21.04377704618743
2022-02-19,535.2490768111053,763.4090664719813,21.73681023914118
2022-02-20,638.3620951779301,689.7040024576977,20.424563400685013
2022-02-21,628.1271794323206,619.1691923483346,20.89483508081261
2022-02-22,593.6822300235981,722.1687775384992,20.62840875508173
2022-02-23,590.2911337773442,735.383720375519,20.047610346725538
2022-02-24,577.1345136980698,739.4222655475171,20.93250728795685
2022-02-25,585.0898985881319,761.4940869836652,20.904860899565858
2022-02-26,572.33464129337,755.5287870807601,21.713273609105435
2022-02-27,628.5701255667503,708.6739411780466,21.261705929964805
2022-02-28,658.6583476194471,667.1625406173441,20.422906678536357
2022-03-01,652.1288068495992,590.8875498994008,21.84970758408179
2022-03-02,566.2678870861382,738.3469674135602,21.51981427458836
2022-03-03,549.1647243362448,735.8020221900331,21.185972167542378
2022-03-04,532.3171493656292,747.4203671769541,20.766312888192648
2022-03-05,569.8045028892001,651.2603197643845,20.383489748287133
2022-03-06,670.2237824809628,610.8352817391055,20.65980137493042
2022-03-07,697.2293308937174,704.0429772197865,21.37203466197805
2022-03-08,628.3422604735052,683.8511120704147,21.75078955678689
2022-03-09,618.2059431066865,724.972063315288,21.5600559734873
2022-03-10,572.8555066437681,714.9881654846391,20.52307134709092
2022-03-11,553.2390427486278,724.8682856004734,20.185896495532216
2022-03-12,623.4299806223048,735.1991999876475,20.793529005193925
2022-03-13,698.6970149088265,624.8492561347181,19.815443514149813
2022-03-14,661.98433959826,673.8138690479192,20.837047037643543
2022-03-15,683.7665831020636,635.002944013716,20.5767114258662
2022-03-16,515.6387258453666,720.4558257057009,20.391821281558467
2022-03-17,592.5997895966385,688.2414990282489,19.80112061047056
2022-03-18,580.9443117989683,720.6345326822014,20.828239901520107
2022-03-19,609.1610002034108,671.4820688151207,20.277422258158804
2022-03-20,660.6536198914412,732.4609963329555,19.93054295396632
2022-03-21,608.5776876988591,650.9807910395953,19.050526232743472
2022-03-22,635.1825511476393,673.0651422181124,20.44351517411049
2022-03-23,609.6887940869063,673.1690500428381,21.313505678568703
2022-03-24,616.8219406172717,763.9379239090508,21.227641918539685
2022-03-25,567.12448790434,726.2654948734088,20.13765553005761
2022-03-26,598.0126803447095,752.585886801077,20.03388211997501
2022-03-27,646.7802694174692,602.3318466394168,20.53778759540537
2022-03-28,699.3943230895765,663.6553517486747,19.772282984568136
2022-03-29,655.1575303136863,716.9027746243287,20.390145279123715
2022-03-30,586.3992102263663,710.914594350588,20.58979728548323
2022-03-31,590.9936381104726,757.7771996980313,20.78750186641792
2022-04-01,588.4889605797201,679.8910972051212,20.09104296981989
2022-04-02,654.024130136793,743.4553069408825,20.006211101064515
2022-04-03,643.2617020422392,793.314055159843,19.63586460867665
2022-04-04,664.3855625720751,649.6652906919795,19.62814048541336
2022-04-05,635.6076656350945,659.9210411124142,19.89501978040254
2022-04-06,560.2551808238717,792.5416334439492,20.15861136761292
2022-04-07,586.1405514379339,785.9083315675687,20.398418169689045
2022-04-08,594.8624121342319,676.4257925752207,19.50679847775385
2022-04-09,626.365234030679,665.8080421298677,20.621596115833864
2022-04-10,658.3258603486532,656.747839382648,19.706692505335468
2022-04-11,632.58787462047,616.4835371380512,19.798748389950298
2022-04-12,635.3788329414538,636.3779862050632,19.40321565139431
2022-04-13,594.3005718409676,652.6426757419127,18.5323387678367
2022-04-14,553.4045429959561,684.9078502468155,20.15440291142719
2022-04-15,582.2031455294987,707.1641828659116,20.049043025017795
2022-04-16,638.1399297294824,692.6407717620848,19.50855299375128
2022-04-17,721.5518622467603,716.7490935173237,19.651697549816024
2022-04-18,679.6860660575944,610.2392649342632,19.845581399458244
2022-04-19,654.9221100059203,721.755064920869,18.776206628261875
2022-04-20,601.3445132863083,688.6283011455704,19.26331262798729
2022-04-21,518.7049524077776,738.1743383134897,19.895855291222567
2022-04-22,584.8417988492836,741.3200751836885,18.843019147506883
2022-04-23,626.2220642473897,630.7528667981902,19.58897238517003
2022-04-24,737.0626023438701,650.5891861372675,18.736551804474747
2022-04-25,666.6803590495759,674.9824308858648,19.621357100274043
2022-04-26,654.0490384189312,697.598043990942,19.34430054933441
2022-04-27,600.1493399719888,714.3837622093964,18.529243252455
2022-04-28,538.62760892689,853.4512025320997,19.89460351804461
2022-04-29,617.1501532401352,659.5379241673666,18.92112684669138
2022-04-30,644.0111855206438,651.4445594895873,18.86027577916932
2022-05-01,683.7455636316345,626.9701918629446,19.343482103307544
2022-05-02,641.8315629582662,651.3103625628542,19.79615250022599
2022-05-03,683.5627366335339,626.3492753179072,18.693423785869477
2022-05-04,555.4273541024149,781.7371495041701,19.212562813859574
2022-05-05,587.4034273297981,777.3234987345937,19.377428445286096
2022-05-06,644.5081954048325,649.20858761011,19.49180019639273
2022-05-07,587.4872313530379,664.6386056682696,19.216645005225025
2022-05-08,638.5986970369745,704.271429300833,18.92905547072994
2022-05-09,667.500529273376,638.6385831492635,18.68390538534717
2022-05-10,621.5991502127117,720.8470157814197,19.126906004773733
2022-05-11,546.0161905445639,737.138055770283,18.53491599273644
2022-05-12,566.7385411188444,640.8435236907162,17.59849383522129
2022-05-13,541.6421675134168,806.5541763097947,19.26667782818932
2022-05-14,625.9627958643002,776.812485722626,19.49065143353531
2022-05-15,622.3937367957873,658.163697077887,17.84857191208031
2022-05-16,705.2372202053034,627.9963119005491,18.51760452997993
2022-05-17,607.2756650129202,710.6554370297852,19.325564809331144
2022-05-18,576.7880624506997,728.3288082740014,20.039346455969472
2022-05-19,582.8473259052236,741.5035506810298,19.01670585020424
2022-05-20,530.1942680583044,835.4130929091654,18.63912179989223
2022-05-21,612.0389636089969,685.1331568207991,18.90959686234965
2022-05-22,682.5046200447989,618.8328277506779,19.68751495200999
2022-05-23,603.6848458904238,629.1916156540618,18.677237235380243
2022-05-24,629.34130858844,648.7828437086841,18.601876668686444
2022-05-25,587.1369297074141,704.7751865026031,18.762463630073142
2022-05-26,574.6512181287233,802.4022841115277,18.53064055327049
2022-05-27,522.633299464002,712.8027853161905,19.07321237411048
2022-05-28,558.0927465049002,732.1430243294948,19.829886616610448
2022-05-29,651.3123138624184,673.5226982651533,19.18584870813867
2022-05-30,653.0578946121411,732.8907163663337,18.90597800537807
2022-05-31,623.4342406569341,814.6295009652141,18.895170090879088
2022-06-01,581.7321102275987,682.5905062401846,18.26946666264936
2022-06-02,522.6780043076104,714.1890257202837,19.503657575089477
2022-06-03,558.4786161442725,772.9687357813173,19.035266719165865
2022-06-04,598.1577820308191,735.015683465906,18.9970565797688
2022-06-05,605.7757064204249,789.4475130765893,20.6979755604417
2022-06-06,691.5698632879485,683.411477622324,19.26592179846269
2022-06-07,621.481910912149,671.2944400045725,18.756754912389933
2022-06-08,526.8493547640626,766.1080641525841,18.936540364998425
2022-06-09,553.930639492525,778.4698592828829,19.74195541237448
2022-06-10,513.3345198896266,784.356849115055,19.2433058137013
2022-06-11,603.9540072071975,723.3866979517661,18.487373285581256
2022-06-12,652.8551172051408,726.9061758768873,19.68684997973161
2022-06-13,601.7855671479342,757.5719959483165,18.91474525508741
2022-06-14,626.8993162162282,755.6582914437622,20.207882541546088
2022-06-15,565.6280124915008,749.6214881337318,19.83448370728693
2022-06-16,549.4803148450957,716.9039385616095,19.09480860870384
2022-06-17,589.994951185945,712.3382087286936,19.98374480543897
2022-06-18,563.431109547431,778.6098935517024,19.40266111739138
2022-06-19,585.874939617658,666.2157466418091,19.821318279677744
2022-06-20,590.052286088722,723.4075223992841,19.664168166902925
2022-06-21,563.800747633186,698.432685567039,19.026136129906927
2022-06-22,541.1573490036658,730.858566644908,19.155664056562618
2022-06-23,525.2311420211666,801.3070221197815,20.02112446643513
2022-06-24,531.5256950628892,743.7921058695506,19.36801015453297
2022-06-25,585.7012891532373,709.4711828311888,19.363343528753923
2022-06-26,598.9328539513036,632.5407659753523,19.117859512687676
2022-06-27,650.3657636874235,712.1297964576493,19.837922867966498
2022-06-28,570.3271490864747,747.1106345138164,20.68850370765197
2022-06-29,615.040583405276,800.642444462635,19.15497351155971
2022-06-30,523.7085641736949,722.7568061655026,19.73269423013745
2022-07-01,487.4326076787021,767.2412125438459,20.4588497455423
2022-07-02,518.6653376414104,753.1365153648326,19.74534844673248
2022-07-03,602.9108082087008,777.4172598838232,20.04402339385277
2022-07-04,589.9407777659716,700.2648344976666,19.31951146906925
2022-07-05,589.5664366400538,719.1678579684901,20.097898383543598
2022-07-06,537.5104206291123,761.6396151712707,19.82333846468023
2022-07-07,492.633244094715,763.0138341104605,20.44303367027588
2022-07-08,477.6284427821814,738.8640978813828,20.57717513648701
2022-07-09,495.2405343991072,762.0842324453617,21.311595721493656
2022-07-10,564.9475080904815,771.2078334477478,20.33994359648896
2022-07-11,612.2589884436529,642.5447408076205,20.246282586050334
2022-07-12,564.5111951052743,724.3928861547066,20.21374135563916
2022-07-13,475.906236652045,727.0408409270188,19.973001348410097
2022-07-14,490.0053371514216,814.7496628705313,20.351695516905774
2022-07-15,504.6137981113144,671.5337557051541,20.0674192830183
2022-07-16,504.2260007002324,719.9409072863044,20.331777869057383
2022-07-17,573.0477484854978,732.3367195104771,20.938498514382744
2022-07-18,578.4470955439914,789.0526536897213,19.80827008087356
2022-07-19,513.9773465778552,739.723813657423,20.91297613599234
2022-07-20,514.2378364265361,715.1211054520721,21.03270876424115
2022-07-21,491.910469010184,848.1026189669375,20.345815657121054
2022-07-22,515.8774962937113,669.6605568323321,19.374171369562237
2022-07-23,552.7455600607775,613.6869221386071,20.160953325598545
2022-07-24,517.5571982010123,763.2221234021604,21.142610624419163
2022-07-25,539.0822745030381,705.3561515308503,20.51137938798024
2022-07-26,554.3019923407857,671.7873629730716,20.05128152095966
2022-07-27,509.5739191467176,780.6308627916089,20.32605230377409
2022-07-28,481.2694728624213,771.5552992573494,21.0256142535803
2022-07-29,589.7773124629744,676.9074122316764,20.9048630023733
2022-07-30,529.1492146942293,671.4101727193407,20.53752054913394
2022-07-31,583.9301097082096,751.6578115599025,20.498334855736644
2022-08-01,586.9010433722913,739.0595372117874,20.50987102344811
2022-08-02,549.5479571422445,720.2672282399086,20.267763947876624
2022-08-03,475.9520590175936,854.3558202935866,21.55906593641035
2022-08-04,479.9345870262762,706.5284681705543,20.61179212137281
2022-08-05,442.4588848456653,702.4942990309305,21.4022471242619
2022-08-06,496.4701232385372,717.1695348866691,21.574159626149044
2022-08-07,526.9613970023477,734.2400006810512,21.331586978624067
2022-08-08,552.5063990881827,735.9137729220432,20.63462646426954
2022-08-09,591.3281905828369,692.2741018157651,21.06936191478711
2022-08-10,421.3903986417783,806.9075705048257,20.87149551924825
2022-08-11,469.8704784367994,702.4877895720781,20.446857165446563
2022-08-12,409.5011766339878,867.4376418866691,21.075004037945707
2022-08-13,481.78045494464,755.0022136080515,20.33640664735668
2022-08-14,566.6821006727972,772.5237412430077,21.53183967100552
2022-08-15,544.6001987184787,744.8361679596459,20.71672263626576
2022-08-16,482.3108128360239,781.6822545396773,21.059588039419484
2022-08-17,448.8397810848239,804.0684734691982,21.10956360780456
2022-08-18,462.69963424306775,791.0356108793319,20.84630327900214
2022-08-19,429.1418086906471,817.5652336480538,21.275854687724014
2022-08-20,495.7460421993075,818.5846054069677,20.75071640556574
2022-08-21,528.8408805865191,745.4056181918139,21.428379466451577
2022-08-22,516.7327063435636,777.0838347076437,20.32320062933264
2022-08-23,572.721636363131,709.1523971040732,21.061733135147808
2022-08-24,483.23027749248513,830.3907220262311,21.96925133094336
2022-08-25,375.6272681221098,778.3667508359816,20.49975388374884
2022-08-26,450.8746368192736,864.609703235904,20.660068856577347
2022-08-27,463.7875254665395,766.098339734513,21.253807230401044
2022-08-28,547.5984272715767,654.6620312583092,21.08344864804236
2022-08-29,507.2218469134238,752.7942972888276,21.16467329626016
2022-08-30,499.8451577982376,716.0248382271371,21.228553116089405
2022-08-31,474.415532682723,804.8244111080746,21.294828402525287
2022-09-01,457.578714077688,738.5794439960365,21.5247397318232
2022-09-02,404.669916883156,775.355869897683,21.16614372634385
2022-09-03,469.179106039077,670.9334104331849,20.83088221827373
2022-09-04,503.5271944597792,725.6210868076566,21.27701740728114
2022-09-05,507.3266499150419,625.1427087110312,21.87884587582946
2022-09-06,552.3606427109924,644.6245374702177,20.849730365890583
2022-09-07,467.70755856517593,804.1669535246269,20.41490718142097
2022-09-08,390.25582877906106,844.162093543011,21.44083444273818
2022-09-09,464.87666611557165,788.8345450314624,20.81124000939599
2022-09-10,539.7280952757164,681.7871452056811,19.768264135081264
2022-09-11,545.7875482020255,724.7206580918884,21.260528596955105
2022-09-12,478.5736816055577,760.5330322426927,20.550442804274407
2022-09-13,482.2898545052988,700.9368382877235,20.75322047147141
2022-09-14,491.1782440157988,829.5807930804581,20.943970367523043
2022-09-15,404.65928330523457,841.5384728761663,20.85185878933233
2022-09-16,448.657846868685,764.6228678741743,21.089123006443632
2022-09-17,497.501484727084,752.5935495861845,20.493626139797552
2022-09-18,485.40243016226094,767.7179253162471,20.944104114201103
2022-09-19,520.9645181356055,637.4309975109827,20.533195891290223
2022-09-20,398.374084283358,788.4540887322911,21.00705592122137
2022-09-21,421.4351637226932,755.1832057387635,20.919307438322654
2022-09-22,417.50972839182566,741.1641353093413,20.117197841869466
2022-09-23,397.3095033560097,787.2902336776973,21.100551899737244
2022-09-24,522.8376131026916,828.4655197911303,20.261603313164496
2022-09-25,470.11267666442535,796.9858047311378,20.90504975559846
2022-09-26,509.559907127193,716.6610969472636,20.655543695597856
2022-09-27,499.7502397506219,778.754019192497,21.361346774905087
2022-09-28,495.8263697036416,822.0545869774793,20.30038549405583
2022-09-29,382.6381907935932,854.9125887488419,20.206865768886296
2022-09-30,470.4714812915794,767.7457778502189,20.34079616921412
2022-10-01,475.21244530667815,730.0469384613823,20.16750847093221
2022-10-02,484.81870838240445,792.5018114894772,20.687307182603632
2022-10-03,538.0784658255573,750.6350363583089,19.447099563778224
2022-10-04,503.4611413081676,793.0290903473028,19.69604870452707
2022-10-05,436.45027764535257,813.5334512614222,19.65637586688448
2022-10-06,429.8840310838408,837.5356202240464,20.632607137556857
2022-10-07,426.3003282325709,760.0880753056862,20.979761109798023
2022-10-08,480.8012879671816,825.4690592981256,20.039092626286013
2022-10-09,536.8251801387755,741.4673901652322,19.9736677318068
2022-10-10,574.6999057287496,816.4130907668884,20.059801507009947
2022-10-11,463.4653813182035,733.8079184364199,20.57238388310732
2022-10-12,521.7643845976274,825.9159978594488,19.494446976031217
2022-10-13,372.74962378959526,823.5207272783348,20.044033370905584
2022-10-14,437.0336877089848,748.9122559647851,20.37925652435474
2022-10-15,498.9774679338094,726.3169743303793,20.10913399353569
2022-10-16,529.5272836493137,719.2189927656271,19.92046402707639
2022-10-17,512.7781103504967,764.8192421448474,20.29347625376124
2022-10-18,498.8985835819362,776.6924826108069,18.408847080370062
2022-10-19,447.7276932916687,747.4511531572367,20.06717703335451
2022-10-20,418.5767494220661,789.4938956759178,19.36927960703841
2022-10-21,472.2209378360096,871.0030490125883,18.74941646900216
2022-10-22,497.3832949987539,837.6855110056587,19.88912217051056
2022-10-23,505.8533480197785,768.8895094738124,20.28954525797752
2022-10-24,564.1873565731541,719.8064956218329,19.503628228541725
2022-10-25,520.2975252919937,745.8528036899162,20.018901379826147
2022-10-26,493.0347076947367,784.1585447891525,20.31922318173356
2022-10-27,461.4712666948282,718.1247383926656,20.14170219367263
2022-10-28,428.3800153326821,772.9411654624918,20.275961153796324
2022-10-29,476.57530931960287,678.2831416463191,19.79938096881041
2022-10-30,555.9568548767274,741.9827286919002,19.43900752116142
2022-10-31,562.5959050741321,751.061844448071,18.573946445158533
2022-11-01,517.7234241029518,716.9789648335553,19.22623121507655
2022-11-02,479.6255075772588,838.8865843758723,18.902695244284075
2022-11-03,488.5524593957597,694.435487152003,20.38559667115537
2022-11-04,443.3244093545228,705.1190513122476,19.188766743195448
2022-11-05,517.795172927465,752.325004464266,19.31569997134428
2022-11-06,535.651801771583,784.5290142448163,19.508056878256653
2022-11-07,546.1100645854754,811.1413522801557,19.233184940963003
2022-11-08,559.8437430944608,697.1339153093226,20.038854924715736
2022-11-09,509.5704456570159,799.1488188430568,18.86084885004712
2022-11-10,483.5003646052775,756.324394222326,19.25124110697065
2022-11-11,509.2767120667569,736.7302789695806,18.76540591747893
2022-11-12,511.219287487546,788.5733531305607,18.460292984417976
2022-11-13,571.5470560015117,746.8426159199151,18.79906007350904
2022-11-14,552.865140546302,644.7478218776365,19.07206101326928
2022-11-15,546.2975720548493,800.6782314588702,18.862573466128563
2022-11-16,490.75300596132143,823.6280647267118,18.718684466135763
2022-11-17,472.0091458344284,732.7172920073093,18.350445511325976
2022-11-18,498.1237035387386,770.7283249025012,19.001812197415465
2022-11-19,496.3492096635957,776.5269044823391,18.28182836666249
2022-11-20,624.3142710361296,700.8765527731306,19.406113129940582
2022-11-21,542.5918069494913,701.1888388329833,19.06028364640076
2022-11-22,510.8885357946145,710.9745637057902,18.28435647026766
2022-11-23,540.2820501389218,728.5812713809668,18.85369254977152
2022-11-24,503.86773235466256,806.7025847856369,18.62848554389833
2022-11-25,510.1456342709615,772.1071905942408,19.16152359817449
2022-11-26,551.0309689339205,705.9537989287344,19.67064301918904
2022-11-27,572.5889747327498,752.2904481660424,18.062423558626424
2022-11-28,557.3945609941192,578.8755884714366,19.0582258276485
2022-11-29,561.2514828167206,776.8125436102449,18.922459601237804
2022-11-30,497.0074256535625,664.5105982343138,19.341117450021244
2022-12-01,521.2724751220854,721.2417153688008,19.116072094804643
2022-12-02,499.02587095188665,694.5035697927494,18.63861596649209
2022-12-03,519.542770043493,675.4945411922082,18.86129530301537
2022-12-04,575.5503901648694,770.2661442864912,18.63011885545401
2022-12-05,609.0411718671601,672.0943540008254,19.574524619752893
2022-12-06,554.5090063430558,740.070690915008,19.05663657443388
2022-12-07,505.1983045647308,745.0548187736754,20.00709571586102
2022-12-08,511.9682338863996,767.8679244179564,19.037737824818446
2022-12-09,523.5182428793266,742.0819731133495,18.726468090880093
2022-12-10,541.9207593661237,664.8900091075097,18.33743890220049
2022-12-11,583.9686700760345,757.8290059343398,18.20735712904286
2022-12-12,616.6058095317258,667.0092660760715,18.332479853808824
2022-12-13,541.0492447255364,651.6462827042442,19.274704643532832
2022-12-14,500.7886799535067,728.199901974951,19.41305152142532
2022-12-15,496.3252854940817,826.8753467846747,18.386576054015222
2022-12-16,523.056795023135,780.9826895941071,19.644087126634684
2022-12-17,579.8138453301184,692.6604706145478,18.97532662792169
2022-12-18,655.7812803275882,654.6464746202844,19.311412922073742
2022-12-19,648.8546777235288,659.4909085773664,20.06613256256234
2022-12-20,593.2305742114023,807.2221120723409,19.731269860096223
2022-12-21,556.0319973865018,741.0807739183268,19.17220959126996
2022-12-22,501.4420990199093,770.7810328495988,18.88527402765451
2022-12-23,542.5901881391784,780.219078632003,18.280101073620628
2022-12-24,575.554750452344,724.1620827251537,19.02228622814176
2022-12-25,634.9690616973812,669.5633618602742,19.302838637248406
2022-12-26,612.1103812340472,684.1273169287275,18.94201213028365
2022-12-27,627.4435346081344,682.6981697252295,19.397798598453413
2022-12-28,616.4475182752315,689.9151290368922,19.53027434854945
2022-12-29,542.1429621586365,765.3099961025307,19.408406301840525
2022-12-30,569.1060937435471,718.0442474185913,19.22535124505367
2022-12-31,618.8458099244996,727.2090988985292,19.66469767620521
2023-01-01,627.192134178076,682.3681039055328,19.83182468177036
2023-01-02,657.6020283127319,675.1307453594386,19.09657117904175
2023-01-03,626.1999911978468,586.9899701744712,20.378551264096146
2023-01-04,587.3582822016509,752.1372426342986,19.65546856971516
2023-01-05,536.1781214567113,749.235363066544,19.746193020106624
2023-01-06,571.7491273018418,764.0259418420617,20.12317344572711
2023-01-07,627.0333832283343,541.6705394761484,19.9182288945107
2023-01-08,696.7043000159109,756.0665852310808,20.310964141508315
2023-01-09,693.584359194195,646.2283389951438,20.010916890427893
2023-01-10,704.3268527613701,703.2457144561909,19.594242473682797
2023-01-11,575.2953590118437,660.3570241378017,20.11442986525185
2023-01-12,599.4009013355643,730.9382445853463,19.395105624808323
2023-01-13,590.3484913168165,652.154976182909,20.05457590519143
2023-01-14,691.5899430006518,623.0165804648839,20.01700805189891
2023-01-15,642.687954289542,774.3575905485684,19.96285425802051
2023-01-16,653.3424704039833,663.794644759841,20.035859229827107
2023-01-17,635.4349723171621,693.1541575004051,19.19230751867112
2023-01-18,548.2382819965787,769.3842455361483,19.891825621527747
2023-01-19,571.0485220223017,739.2598333874794,20.245381923626866
2023-01-20,575.6112064379067,719.7153420382255,20.31143802110024
2023-01-21,643.8882462148777,696.3039270158724,19.74996539736179
2023-01-22,690.6103566980289,774.8656009128993,20.928656943710877
2023-01-23,748.176814580808,623.0306528579167,19.894387015030443
2023-01-24,695.2204306544915,662.4447370085027,20.843510628461843
2023-01-25,607.8690386460141,748.5982004773736,20.603288188407458
2023-01-26,573.0164092853528,768.7680920052228,20.09705338190474
2023-01-27,626.2137934729965,746.2446185415208,21.337831703448742
2023-01-28,612.7605195820768,725.5562513104209,19.88286691205453
2023-01-29,748.2092942304697,568.7451072482409,20.96823855117737
2023-01-30,740.0962617059577,711.623445762076,21.03736363275809
2023-01-31,665.3640992948802,610.0006807016255,20.229576686621797
2023-02-01,586.4208468652475,721.9213498293279,21.28830616473939
2023-02-02,653.1276600835648,635.7223774572496,20.493579182404726
2023-02-03,620.4634198264849,686.561372757108,20.788790906936864
2023-02-04,701.8430412520956,665.5165998891262,20.79973068158221
2023-02-05,657.6682889873101,687.2337162788587,20.626797163841783
2023-02-06,698.8588896869834,671.6665928682726,21.122966457668305
2023-02-07,691.6122324871225,734.879447209371,21.13712025022856
2023-02-08,651.1253321346977,697.1140490083502,19.888100908487203
2023-02-09,610.7930777792326,682.3956293458513,21.435681025801227
2023-02-10,654.2482650471517,721.080225890842,19.972538432533785
2023-02-11,644.219802755628,737.363623068418,21.33943803979545
2023-02-12,712.6434593530954,582.2978795666028,21.40498347408756
2023-02-13,731.7337828223436,664.0031120813211,20.313678599748897
2023-02-14,718.0411335011042,676.0380703649928,20.670331044211064
2023-02-15,682.0829453155487,644.0803521742259,20.338489274939118
2023-02-16,601.4372055100407,768.0667379105606,20.798494227164092
2023-02-17,600.2809546527068,692.3567433220202,20.7655442101634
2023-02-18,725.1779054444364,643.6898699513589,21.32197658810448
2023-02-19,737.3384501660232,622.6771837027949,21.59885004250391
2023-02-20,715.976975696328,642.7904645309094,21.652038468653984
2023-02-21,759.299172668519,565.5366593209803,20.68255332354587
2023-02-22,674.208929361055,590.8929911897578,20.867396564522718
2023-02-23,680.4047261920676,739.5228900652147,20.13757866150664
2023-02-24,658.0220781624322,628.6408935028676,20.582564972718643
2023-02-25,758.2026810957561,571.3290419793066,21.4730331722436
2023-02-26,789.4001405979946,497.630424020817,21.80240554426802
2023-02-27,740.1695680848527,597.9671285730985,20.38034144886186
2023-02-28,750.9525387640074,558.3692409476214,20.703077259171472
2023-03-01,698.972531822976,732.6144920953304,20.986789773255072
2023-03-02,694.7870265055026,703.0973412143804,21.139645494060684
2023-03-03,635.5787855156931,647.8030899832672,20.59322489275554
2023-03-04,725.3174907204127,749.9630449070091,21.20741009718471
2023-03-05,776.6721845517563,660.7521820737015,20.75470694874952
2023-03-06,702.877818913381,632.3195213678785,20.979545828835477
2023-03-07,694.1293402146545,527.9650441489941,21.253963118488453
2023-03-08,626.0743990876036,801.5099290857353,20.97699145940285
2023-03-09,653.1027166946241,603.9700183145081,20.747464831286
2023-03-10,693.3246892631562,571.0677180205773,20.901657472897035
2023-03-11,756.8920952843107,672.6824739583267,20.90202285599372
2023-03-12,754.0397042042953,744.967768214816,20.74988954058362
2023-03-13,811.2063799789247,663.6104509360634,20.793149068014568
2023-03-14,694.7410425831478,680.8249347110442,21.708497771000044
2023-03-15,642.4746005464808,708.5004168100239,21.175250896111123
2023-03-16,665.6496135591957,709.8459711594176,20.73167387915855
2023-03-17,689.2566736304984,693.318092674089,21.211537070223383
2023-03-18,716.5808056436479,655.7691683766449,20.67883708626493
2023-03-19,695.336706050841,657.5417021721732,21.414056481417667
2023-03-20,765.0191911069305,614.3607480515586,20.993143237376326
2023-03-21,702.1556356797747,611.2239527167789,20.734600995373203
2023-03-22,718.611684547159,626.6604038830818,20.99116470184096
2023-03-23,683.0583298824939,573.8229943489837,19.960069850912426
2023-03-24,654.0807213821423,668.0426579691914,20.159497615057077
2023-03-25,706.4853352670973,597.3277770089055,20.102489141746048
2023-03-26,729.7198311094866,579.9606185844681,20.746716391224027
2023-03-27,769.7446035037484,624.1224058057998,21.51654533989966
2023-03-28,773.6714947315868,682.7643669514366,21.74025843442332
2023-03-29,672.4720159333233,709.679822333454,20.91726048818465
2023-03-30,690.4983773629473,576.2257811373674,20.821619107132214
2023-03-31,669.4798822628347,615.7786520400657,19.64299533035376
2023-04-01,701.0191974660594,696.5289606663812,20.2439107654744
2023-04-02,760.9826179568195,570.3843213446748,20.09250681289968
2023-04-03,743.0580208829165,617.2393320586905,20.146585520292184
2023-04-04,730.6909133676288,662.1571482674132,20.343040299572284
2023-04-05,668.1833737508863,617.491090381375,20.160695284282045
2023-04-06,736.187348813362,637.175100900617,19.37627825016504
2023-04-07,688.1068453820858,589.2453025630468,20.70866431644027
2023-04-08,705.2677370637077,617.2977492705854,19.7667468438758
2023-04-09,771.8599759880806,630.0591087130865,20.39081419017517
2023-04-10,771.7856285561207,534.4574990453563,21.27600319920316
2023-04-11,741.504874454023,651.2712996710084,19.746775186144585
2023-04-12,723.1719939252113,637.4321130910604,18.90859995110172
2023-04-13,700.3922041962255,677.4283956227446,19.9978248013767
2023-04-14,671.3498223412272,675.5207955326196,20.65823346979873
2023-04-15,708.995917994787,713.7090625012988,21.05373440419745
2023-04-16,756.9956014451465,627.7634244098222,19.426510067122457
2023-04-17,705.7006459653146,625.6793999610801,20.256312795404195
2023-04-18,702.0779653647185,655.075892469255,19.741977427670424
2023-04-19,744.9506266070651,654.6895881482868,19.888356134510897
2023-04-20,726.0118877223666,639.4370596551018,21.23026482328084
2023-04-21,678.5890033769952,662.7350828716966,19.123472932951486
2023-04-22,742.1626723390805,593.819079440122,19.968831797856787
2023-04-23,772.9814109201142,580.3642486623954,20.042988004508526
2023-04-24,865.3237589199076,497.2078569500616,20.31942607806728
2023-04-25,779.1234008940837,697.9171367123051,19.793164263075703
2023-04-26,697.9138907039958,588.8498928784379,19.866121953086985
2023-04-27,645.6094454031681,642.5500174086205,19.484516259574203
2023-04-28,635.2865561446874,646.4363586491964,19.783503018146387
2023-04-29,728.1981262153508,680.6471557395466,19.446332445067288
2023-04-30,737.9914205161623,616.2568058273175,19.898128047526743
2023-05-01,727.1389896293516,698.8176088190108,19.372408920681572
2023-05-02,722.8009656328678,604.9249859713727,19.71612821055263
2023-05-03,665.781267496513,681.0590743629336,19.48383539637412
2023-05-04,721.182100596395,597.6415970388147,20.03293792572915
2023-05-05,706.0389029212098,754.2380049280646,19.416250866918976
2023-05-06,717.7840957256832,581.7280311856828,18.528086423648485
2023-05-07,800.8303936083091,615.0758387071968,20.01886871841517
2023-05-08,767.7006738514247,647.8385071208926,18.909027167220746
2023-05-09,711.7574278389324,664.8112409531087,19.009704439699934
2023-05-10,739.1459424537795,621.1626458292249,19.014188310003988
2023-05-11,681.7883603451224,652.6147848407676,19.97543370421629
2023-05-12,643.3562629418075,680.5124421280517,18.197364050623072
2023-05-13,707.0298669173418,639.1349664599047,20.811878291988386
2023-05-14,724.7152236783508,685.8363440005701,19.749676325998728
2023-05-15,718.2844675908096,751.3839162841628,19.31277603040601
2023-05-16,759.6094800387635,592.3206707302265,19.15410574653391
2023-05-17,744.8045632966051,559.1075693727436,19.305635259409083
2023-05-18,617.5778462803307,686.7969744422719,19.405654982716744
2023-05-19,685.1228821817872,786.4240257918224,19.45088691591161
2023-05-20,686.8296688123174,616.4014371953548,19.39023519942022
2023-05-21,729.8301523925805,717.0407640759131,19.1423632448108
2023-05-22,735.310515386098,716.2297830107731,18.985046235728465
2023-05-23,699.0745853949018,622.7832952171494,18.995239345438875
2023-05-24,682.0067419703078,687.4457829741099,18.961614652901595
2023-05-25,627.4969079456653,767.6713771835942,19.61519202964254
2023-05-26,669.1022324457367,646.4924967277573,19.335380869260877
2023-05-27,697.4634258415189,641.0892690741224,17.55977183822962
2023-05-28,729.7667518260854,606.032578389525,19.35035790685664
2023-05-29,718.2191527296015,590.1525871005559,19.113303092277743
2023-05-30,699.9301800561318,617.5710327186338,19.001201397345703
2023-05-31,695.3299922208224,591.1379905514759,18.81201661035519
2023-06-01,659.4511451294566,671.978600848233,19.56515629395141
2023-06-02,623.5440843079457,649.7292962930951,19.47479482626072
2023-06-03,693.7197227269663,664.8294342260543,18.613634284651862
2023-06-04,751.1359698676622,546.6372327559875,19.203751712489257
2023-06-05,686.916086224513,673.0859684984663,18.515660409644997
2023-06-06,724.9823992830386,679.1852484389269,18.31405225670067
2023-06-07,644.1370108159135,578.2447124634705,18.693982007234386
2023-06-08,652.7913852959724,692.3071358443924,19.443119488900496
2023-06-09,621.128252234173,750.8193235065781,19.494165170534743
2023-06-10,627.6572553111592,625.6893214098602,19.280916704580488
2023-06-11,670.7439442930795,748.2566471953454,19.39477716316662
2023-06-12,729.3317939316993,656.2850535024526,19.299248889761078
2023-06-13,707.2826773081656,611.1080685579967,18.7304147044704
2023-06-14,627.6173338852609,683.4028791744843,19.27816670434735
2023-06-15,645.4873240047618,705.1726836237052,19.47450202203981
2023-06-16,584.7649038741283,711.4178176335564,19.464563215115604
2023-06-17,670.3375160815574,691.7690415815398,19.696008413345144
2023-06-18,673.6910153692929,617.1208126613852,19.47083601203605
2023-06-19,698.7239370112565,659.1060726961756,19.30852192428521
2023-06-20,691.2446446750145,583.6919528172436,19.68495014051371
2023-06-21,619.2114555231241,684.8329691710029,19.154636088423477
2023-06-22,605.0186995172287,652.2952681681462,18.74590556272465
2023-06-23,654.9773627500374,635.734821495493,19.12515900090395
2023-06-24,645.1469633319439,739.2311770945499,18.854972126193747
2023-06-25,725.1853033787605,691.9728543403331,18.911423615741136
2023-06-26,674.443587252177,693.2351124192703,19.199177075516907
2023-06-27,695.7388322682006,597.5149456322708,18.89845954816773
2023-06-28,678.262713002845,645.0482210138374,19.16470546962498
2023-06-29,532.3711389618035,794.4693155180574,18.39665257194805
2023-06-30,590.8236817735683,711.6740047952111,19.475609851543044
2023-07-01,669.6882465212581,781.1223537384558,19.39576991527483
2023-07-02,683.9294993366043,677.7011423014164,19.01349901604281
2023-07-03,709.3630076494824,654.9209519997604,19.77918443439396
2023-07-04,651.6100712823086,658.7391411487206,19.946476479186547
2023-07-05,627.4929157409701,692.9305873686291,18.70262157752819
2023-07-06,591.7279403881781,696.5125379868838,19.154297611756117
2023-07-07,639.6435690211529,715.5836493238531,19.180863203034452
2023-07-08,649.8936279579174,722.8883018607704,19.125740010247004
2023-07-09,690.0427793365872,615.679137306309,20.04113535464577
2023-07-10,675.7786433657559,595.5490306392331,19.560606312143985
2023-07-11,645.023803449811,585.6778296199296,19.55676390751276
2023-07-12,601.8604374462703,724.469347622492,18.71893759246745
2023-07-13,598.196929842788,645.7332047699123,20.07073535336799
2023-07-14,581.9723706482165,601.3692850282677,19.165829094201023
2023-07-15,640.9762707609914,698.9407948460525,19.848094917729902
2023-07-16,732.2324960802797,758.5337278314996,19.9896894431649
2023-07-17,704.3617321070217,647.5155883694945,20.564368182838773
2023-07-18,640.0050935836117,721.9219919307762,19.26279542984724
2023-07-19,641.0516734771869,683.5656311887849,18.44070828121122
2023-07-20,564.3469199834761,712.8820573487047,20.075702895718216
2023-07-21,523.7351928607391,784.0862277190189,20.91736550095508
2023-07-22,592.3721180055784,689.3002137877783,20.66989586427653
2023-07-23,604.236489203604,711.2513711017932,20.18850915302994
2023-07-24,658.1338704154247,687.0179551020884,19.871025141609547
2023-07-25,640.8545426342122,646.1682060007415,20.55343850798161
2023-07-26,645.8928539922788,726.6556904806868,19.69597157023404
2023-07-27,577.0531273903098,702.7254484700746,20.45358798435446
2023-07-28,569.0370221059114,677.694230972402,20.50056928756627
2023-07-29,638.3062835134835,707.6723504217784,20.8100889241932
2023-07-30,584.9171884378442,662.618006691526,21.691652687863485
2023-07-31,666.7235729429867,668.0472713969631,20.53952291240928
2023-08-01,654.4919118421366,672.2980942467215,20.11994395066523
2023-08-02,542.3974325291663,783.0960620269958,20.39233345201568
2023-08-03,592.8077232110461,727.3310500384746,19.55082740792833
2023-08-04,577.112398333247,710.1924528961193,20.117769852589287
2023-08-05,592.4137521994198,744.6814388603044,20.28972949755768
2023-08-06,661.7868857585763,738.6169345715775,20.2610215661904
2023-08-07,719.4350848682918,668.1729728834472,20.62735711934588
2023-08-08,628.5911281163862,686.222066933976,20.167471270142496
2023-08-09,586.0838514711337,641.3662626469252,21.166055203381838
2023-08-10,536.7124929913596,678.3880703505516,20.63182927578327
2023-08-11,533.5793373385561,717.9490961129885,20.6525596038568
2023-08-12,622.0214756006549,658.5136520917084,20.51801626181168
2023-08-13,609.4846444757063,685.9091126128745,20.78355515044228
2023-08-14,645.9525655772958,679.8562134562075,21.14172080213096
2023-08-15,601.4270403006955,725.7711175674889,20.318008307496697
2023-08-16,585.7613512457868,703.594385474152,20.44408191211642
2023-08-17,553.3937210792666,747.6282216516769,20.64198491848733
2023-08-18,583.229895799703,711.6087728406545,20.1407382757705
2023-08-19,574.9810640111677,613.7361396767226,20.422966614055422
2023-08-20,620.3847847876953,642.8408379152147,20.612481893047804
2023-08-21,607.9028096128748,688.8442174074819,21.30483869099803
2023-08-22,596.0368845274899,641.4968205941998,21.015012576223945
2023-08-23,576.4711287742113,741.7608721127046,20.99563284505725
2023-08-24,560.0073308803412,796.5338761770142,21.338394231811613
2023-08-25,518.508581693447,801.6838017381423,20.85735242819108
2023-08-26,610.5979333140091,684.0288897964851,21.13333498281696
2023-08-27,663.5390035083918,742.7668050883017,20.89751367718165
2023-08-28,644.2204700213399,685.3231378494356,21.091773238948644
2023-08-29,660.3863090011828,652.9525469435066,20.67661468686317
2023-08-30,536.8223753686334,700.9186791386363,19.75641193862876
2023-08-31,495.011238772002,737.3708962895927,20.915423294141437
2023-09-01,488.0364464823932,736.5729358317419,21.6995876653071
2023-09-02,624.7888867741519,696.1263677316985,21.455874106956703
2023-09-03,638.0738611395785,688.991768482704,21.47891498505869
2023-09-04,625.9000093642331,687.2022963255542,21.616624636144596
2023-09-05,608.4105512398851,717.6416328673749,21.04412169562339
2023-09-06,522.3811443831039,798.3417415477651,21.09857360060204
2023-09-07,602.0156321828864,746.469890680623,20.69010173131026
2023-09-08,541.7509785653057,654.879612294852,20.838793366265275
2023-09-09,579.8513998767268,582.3782433165389,21.30150999830613
2023-09-10,637.0651564169484,728.1834173534895,21.591257346230545
2023-09-11,639.0358630345305,612.1381335619637,20.91418355677812
2023-09-12,603.9562668705851,686.7835964700732,20.752310500725923
2023-09-13,529.8514433274191,676.5686270333225,20.970081645961795
2023-09-14,540.3999258123149,639.7010152148416,21.261756098966675
2023-09-15,592.1420978649849,731.002087477747,20.229492525812656
2023-09-16,614.9346137435987,730.490451143333,19.79253963130734
2023-09-17,661.2868102580364,640.5310748346458,20.65352680933145
2023-09-18,607.6658697136068,566.6149505359512,20.30557224816844
2023-09-19,566.1470997677411,689.6142277035053,20.64797398528784
2023-09-20,548.587297181934,745.2965516791603,20.81326736928361
2023-09-21,526.9235058894183,662.5926686165844,20.64466112944224
2023-09-22,567.7045141846878,725.3157388966138,21.58067890127009
2023-09-23,523.1978082581605,737.63560341227,21.000028020837213
2023-09-24,658.9805319032092,699.4743090284497,20.96817379153915
2023-09-25,618.0686767428123,696.9446800493015,21.10941242264238
2023-09-26,583.0397751877148,659.8266653620648,20.20837760291071
2023-09-27,522.2136914737276,798.7217293463608,21.27597123097332
2023-09-28,476.0274364337197,754.0598031317917,20.696313985789327
2023-09-29,560.2011685447716,718.5341887521176,21.046401531526588
2023-09-30,577.0048560772304,664.834174007725,20.15140759426029
2023-10-01,575.4353748185061,690.1182000311713,19.88586817945684
2023-10-02,585.2036004488734,663.1580640742183,21.046367425162757
2023-10-03,587.2267861769913,697.7393039153333,20.79959421113134
2023-10-04,604.3087964991348,783.4310257575497,20.133651264125
2023-10-05,519.7540089772424,671.527938364811,20.122483512880315
2023-10-06,492.48767563753415,673.0780922873957,21.092051276325414
2023-10-07,569.7161925504927,788.700420099434,19.906058673980805
2023-10-08,608.4428088518652,685.3124117164741,21.292975479722177
2023-10-09,545.8466563118354,693.6230349110865,19.991679023633957
2023-10-10,598.5755208068915,752.7074739663581,20.73104468777296
2023-10-11,550.4206106762446,694.5089176750346,20.216941253780448
2023-10-12,551.7445398603764,815.4282157471587,20.651822401446736
2023-10-13,596.5729363205676,735.6098254066796,20.046760772145177
2023-10-14,614.6129397811309,668.2979597021493,20.205656198291575
2023-10-15,612.4900393572751,801.6203909846375,20.27542819929175
2023-10-16,597.69374605195,670.8673808238581,19.72150757174235
2023-10-17,681.7448556006432,696.2323408001438,20.5603988485055
2023-10-18,563.6676044125799,733.1308268140348,19.90055419196079
2023-10-19,536.0205656468572,797.0767816465113,20.009860709790164
2023-10-20,545.3259352140316,805.4125922293268,19.593847728895597
2023-10-21,591.9041660830658,705.6481244117555,18.776616208887965
2023-10-22,621.5707663967331,651.5437232843242,19.92896558163997
2023-10-23,619.2227713681287,713.3872214628915,21.197456401516057
2023-10-24,593.8785576309785,669.1749526969054,20.350129896305653
2023-10-25,566.8447418587089,817.2469914469767,19.91492347785088
2023-10-26,525.4310665535893,744.1112332773422,19.759917989971783
2023-10-27,530.989023653744,716.2394106075226,19.869526783991848
2023-10-28,595.6715208257519,711.3982548803694,20.09894126489662
2023-10-29,624.9601723375358,620.1635993547472,19.202257171738815
2023-10-30,688.4498320774488,607.194382035743,20.317336651282456
2023-10-31,537.8406684173722,791.1003611885352,20.08564513288001
2023-11-01,607.8444777790435,663.2330471619084,20.05512825404292
2023-11-02,586.5732074109604,654.3678471604228,19.88369188380669
2023-11-03,497.8128012467968,777.9262370029659,19.643053760814677
2023-11-04,590.019671531836,764.2753719672318,19.93887493486198
2023-11-05,629.4677738471371,721.2137786096848,19.86799195629767
2023-11-06,609.2842262000047,745.1602711902884,19.36518052371629
2023-11-07,602.3909656126016,660.9647627652262,19.22602460109104
2023-11-08,550.3119624703637,653.753485427726,19.53491949841804
2023-11-09,610.4610340481191,769.8361655737149,20.230240579640416
2023-11-10,596.9574230166157,685.3872965495852,18.808520807063488
2023-11-11,647.4877490366059,663.7144746589447,18.667290967124043
2023-11-12,671.4680824945113,730.6756658451973,19.45707871011063
2023-11-13,627.0089094230833,714.3070457584913,19.37448154526176
2023-11-14,619.522500813749,713.0331381972059,19.410771155842127
2023-11-15,608.0026186165244,804.248807936792,19.4218904820403
2023-11-16,531.0784288836271,702.2848740391793,19.16490411663835
2023-11-17,600.2812154867553,746.2513986606842,19.998832132757915
2023-11-18,612.2879791655391,696.7066666620847,18.43167251650397
2023-11-19,648.8799542687634,688.9896368087811,18.79695320163446
2023-11-20,692.663447508609,730.0916975663222,19.139527903623307
2023-11-21,659.1851932971007,695.7991911659308,18.35041308093405
2023-11-22,593.2340095031648,730.2977992008992,19.065852393608797
2023-11-23,613.40358359288,746.9235750690502,19.96722694583957
2023-11-24,557.477947404714,703.0133898204987,19.13060673892487
2023-11-25,649.1288563023704,633.4750884818644,19.220163085039665
2023-11-26,689.2023897296926,603.158345434102,18.460373947534315
2023-11-27,673.4619804356767,564.9511803133616,18.76892983454781
2023-11-28,667.1811483639963,769.2197823150179,18.87719189464349
2023-11-29,578.1927390788429,655.7432121744945,18.8946511085818
2023-11-30,618.1280531331676,679.8732922541276,19.684100686292037
2023-12-01,596.2638147231987,688.0274276439546,19.31295737612649
2023-12-02,626.9846501160249,701.8780098324426,18.47028903396193
2023-12-03,715.0067110570244,683.2835050984527,19.142258670321173
2023-12-04,673.8536503951167,706.0968492204289,19.26219531612774
2023-12-05,627.4843549060239,657.1039506185411,19.57833359322576
2023-12-06,581.4706680209536,700.9085803002026,19.794805881670168
2023-12-07,621.1301805301282,703.5639072593509,18.494370876106668
2023-12-08,576.0367326636921,699.5470773589767,18.594980527401614
2023-12-09,708.0418195402447,726.3463690308773,18.371222218053127
2023-12-10,633.8999207253964,707.5987872192144,18.88371407830988
2023-12-11,758.7855059902234,657.3511363073791,19.23572625929505
2023-12-12,689.0598009851109,688.6141629408152,19.499145572991143
2023-12-13,638.3391819138377,739.5041019173474,18.97153896728158
2023-12-14,599.7499861385693,709.1760848659007,18.854727319451303
2023-12-15,639.6446912591545,615.3360569726303,19.09676140994152
2023-12-16,667.5599168363934,686.2044391694354,18.610630103441125
2023-12-17,742.8144231573276,596.0249437317448,20.081369731617773
2023-12-18,724.7394189759019,611.1994564245612,18.24223901864657
2023-12-19,700.7189074293602,678.9587472230746,19.148968807693308
2023-12-20,643.8691640433852,739.9795715499891,20.079978740714555
2023-12-21,627.9790804699866,687.0740386018099,19.08418793078076
2023-12-22,650.5440287227425,690.1696362685769,18.99940212049263
2023-12-23,631.0692787738974,769.5761078448132,18.930338661097736
2023-12-24,682.9976952914245,670.5388113287162,19.03449510628269
2023-12-25,757.3774234048582,751.3954440065907,19.827717234728336
2023-12-26,715.1382382424922,670.7063631603311,18.05291812250221
2023-12-27,663.0924393898148,580.4156423473016,19.94405653519243
2023-12-28,644.1033344351491,715.6154138376521,18.484765697080974
2023-12-29,665.6252134701285,686.2453125090747,19.083715121177192
2023-12-30,680.0907000059437,724.4422877011655,19.023585961711994
2023-12-31,714.0210967457448,676.6485191906256,19.554498049807467
